INSERT INTO VISA VALUES ('Z3551512','F-1','Rohit','Sharma',to_date('04-30-1997','mm-dd
yyyy'),'rsharmak@gmail.com',5298878666,'India'); 
INSERT INTO VISA VALUES ('A7045082','F-1','Virat','Kohli',to_date('05-23-1998','mm-dd
yyyy'),'vkohli34@gmail.com',3189685376,'India'); 
INSERT INTO VISA VALUES ('B1820313','F-1','Yashaswi','Jaiswal',to_date('11-05-1996','mm-dd
yyyy'),'jaiswaly2@gmail.com',2029212914,'India'); 
INSERT INTO VISA VALUES ('C7003865','B-2','Jasprit','Bumrah',to_date('09-14-2003','mm-dd
yyyy'),'jbumrah96@gmail.com',8228254437,'SouthKorea'); 
INSERT INTO VISA VALUES ('U3551512','F-1','Kuldeep','Yadav',to_date('06-09-2001','mm-dd
yyyy'),'kyadav45@gmail.com',7802263727,'Japan'); 
INSERT INTO VISA VALUES ('P7599464','IR2','Shivam','Dube',to_date('04-19-2000','mm-dd
yyyy'),'dshivam34@gmail.com',8783596247,'India'); 
INSERT INTO VISA VALUES ('J7599479','F-1','Lin','Chen',to_date('11-03-2001','mm-dd
yyyy'),'lin.chen@student.com',8906783451,'China'); 
INSERT INTO VISA VALUES ('P7599480','F-1','Aisha','Mohamed',to_date('07-14-1997','mm-dd
yyyy'),'aisham@college.net',5673452109,'Egypt'); 
INSERT INTO VISA VALUES ('L7599481','F-1','Thomas','Schmidt',to_date('03-08-2003','mm-dd
yyyy'),'tschmidt@mail.edu',1230987654,'Germany'); 
INSERT INTO VISA VALUES ('S7599482','IR2','Christopher','Lee',to_date('09-12-1995','mm-dd
yyyy'),'chris.lee@email.com',4561237890,'South Korea'); 
INSERT INTO VISA VALUES ('Y7599483','IR2','Anya','Petrova',to_date('02-20-1998','mm-dd
yyyy'),'apetrova@home.com',7890123456,'Bulgaria'); 
INSERT INTO VISA VALUES ('V7599484','B-2','Isabelle','Blanc',to_date('06-05-1980','mm-dd
yyyy'),'isabelle.blanc@travel.com',3452106789,'France'); 
INSERT INTO VISA VALUES ('X7599485','B-2','Omar','Hassan',to_date('10-27-1972','mm-dd
yyyy'),'ohassan@tourism.com',9874561230,'Egypt'); 
 
 
INSERT INTO TOURIST VALUES ('C7003865',30,to_date('10-27-2023','mm-dd-yyyy')); 
INSERT INTO TOURIST VALUES ('V7599484',30,to_date('10-27-2023','mm-dd-yyyy')); 
INSERT INTO TOURIST VALUES ('X7599485', 25, to_date('02-14-2024','mm-dd-yyyy')); 
INSERT INTO DEPENDANT VALUES ('Z3551512','P7599464','WIFE'); 
INSERT INTO DEPENDANT VALUES ('B1820313','S7599482','HUSBAND'); 
INSERT INTO DEPENDANT VALUES ('L7599481','Y7599483','SON'); 
INSERT INTO STUDENT VALUES (22931943,'Z3551512',to_date('09-24-2025','mm-dd-yyyy'),'Y'); 
INSERT INTO STUDENT VALUES (44206825,'A7045082',to_date('04-2-2025','mm-dd-yyyy'),'Y'); 
INSERT INTO STUDENT VALUES (82601364,'B1820313',to_date('02-16-2026','mm-dd-yyyy'),'N'); 
INSERT INTO STUDENT VALUES (68391501,'U3551512',to_date('07-13-2025','mm-dd-yyyy'),'N'); 
INSERT INTO STUDENT VALUES (46840060,'J7599479',to_date('11-5-2026','mm-dd-yyyy'),'Y'); 
INSERT INTO STUDENT VALUES (82124271,'P7599480',to_date('06-28-2025','mm-dd-yyyy'),'Y'); 
INSERT INTO STUDENT VALUES (14133421,'L7599481',to_date('01-9-2025','mm-dd-yyyy'),'N'); 
INSERT INTO COURSE VALUES (5869,'FDM','IST',3); 
INSERT INTO COURSE VALUES (5394,'BADS','IST',3); 
INSERT INTO COURSE VALUES (4591,'JAVA','COM',3); 
INSERT INTO COURSE VALUES (4672,'DSA','COM',3); 
INSERT INTO COURSE VALUES (5591,'INFOVIZ','IST',4); 
INSERT INTO COURSE VALUES (4436,'COMARCH','COM',4); 
INSERT INTO SECTION VALUES ('IST110',5869,'FULTON','SP24'); 
INSERT INTO SECTION VALUES ('CS110',5394,'CENTENNIAL','FS24'); 
INSERT INTO SECTION VALUES ('IST125',4591,'FULTON','FS24'); 
INSERT INTO SECTION VALUES ('CS135',4672,'CENTENNIAL','SP24'); 
INSERT INTO SECTION VALUES ('IST221',5591,'FULTON','SP24'); 
INSERT INTO SECTION VALUES ('CS310',4436,'CENTENNIAL','FS24'); 
INSERT INTO ENROLLMENT VALUES (298026,22931943,'IST110'); 
INSERT INTO ENROLLMENT VALUES (338356,22931943,'CS110'); 
INSERT INTO ENROLLMENT VALUES (138497,22931943,'CS135'); 
INSERT INTO ENROLLMENT VALUES (203477,44206825,'IST125'); 
INSERT INTO ENROLLMENT VALUES (376445,44206825,'IST110'); 
INSERT INTO ENROLLMENT VALUES (414644,82601364,'CS135'); 
INSERT INTO ENROLLMENT VALUES (479363,82601364,'CS110'); 
INSERT INTO ENROLLMENT VALUES (969272,82601364,'IST110'); 
INSERT INTO ENROLLMENT VALUES (508239,68391501,'CS310'); 
INSERT INTO ENROLLMENT VALUES (237427,68391501,'IST125'); 
INSERT INTO ENROLLMENT VALUES (387947,46840060,'IST221'); 
INSERT INTO ENROLLMENT VALUES (548578,46840060,'CS110'); 
INSERT INTO ENROLLMENT VALUES (912866,46840060,'IST110'); 
INSERT INTO ENROLLMENT VALUES (556227,82124271,'CS135'); 
INSERT INTO ENROLLMENT VALUES (284277,82124271,'IST221'); 
INSERT INTO ENROLLMENT VALUES (121033,14133421,'IST125'); 
INSERT INTO ENROLLMENT VALUES (300189,14133421,'CS310'); 
INSERT INTO ENROLLMENT VALUES (601366,14133421,'IST221'); 
INSERT INTO FINANCIALAID VALUES ('RsharmaSecure',22931943); 
INSERT INTO FINANCIALAID VALUES ('ViratKohliSecure',44206825); 
INSERT INTO FINANCIALAID VALUES ('YJaiswalSecure',82601364); 
INSERT INTO FINANCIALAID VALUES ('KYadavSecure',68391501); 
INSERT INTO FINANCIALAID VALUES ('LChenSecure',46840060); 
INSERT INTO FINANCIALAID VALUES ('AMohamedSecure',82124271); 
INSERT INTO FINANCIALAID VALUES ('TSchmidtSecure',14133421); 
INSERT INTO EMPLOYMENT VALUES (629218,22931943,'Dining','Barista',to_date('01-03-2023','mm-dd
yyyy'),to_date('04-24-2023','mm-dd-yyyy')); 
INSERT INTO EMPLOYMENT VALUES (713385,22931943,'IST','Grader',to_date('02-15-2023','mm-dd
yyyy'),to_date('05-05-2023','mm-dd-yyyy')); 
INSERT INTO EMPLOYMENT VALUES (382603,44206825,'Dining','Barista',to_date('03-29-2023','mm-dd
yyyy'),to_date('06-20-2023','mm-dd-yyyy')); 
INSERT INTO EMPLOYMENT VALUES (843376,46840060,'Dining','Barista',to_date('04-07-2023','mm-dd
yyyy'),to_date('07-22-2023','mm-dd-yyyy')); 
INSERT INTO EMPLOYMENT VALUES (437587,46840060,'COM','Grader',to_date('01-19-2023','mm-dd
yyyy'),to_date('05-26-2023','mm-dd-yyyy')); 
INSERT INTO EMPLOYMENT VALUES (549355,82124271,'Dining','Barista',to_date('02-09-2023','mm-dd
yyyy'),to_date('06-02-2023','mm-dd-yyyy')); 
INSERT INTO EMPLOYMENT VALUES (259522,82124271,'SSC','FrontDesk',to_date('03-11-2023','mm-dd
yyyy'),to_date('05-18-2023','mm-dd-yyyy')); 
INSERT INTO SCHOLARSHIP VALUES ('RsharmaSecure','PROVOST',3.5); 
INSERT INTO SCHOLARSHIP VALUES ('ViratKohliSecure','DEAN',3); 
INSERT INTO SCHOLARSHIP VALUES ('YJaiswalSecure','PROVOST',3.5); 
INSERT INTO SCHOLARSHIP VALUES ('KYadavSecure','DEAN',3); 
INSERT INTO SCHOLARSHIP VALUES ('LChenSecure','PROVOST',3.5); 
INSERT INTO SCHOLARSHIP VALUES ('AMohamedSecure','DEAN',3); 
INSERT INTO SPONSOR VALUES ('ViratKohliSecure','KARN SHARMA','FATHER'); 
INSERT INTO SPONSOR VALUES ('YJaiswalSecure','ADITHYA JAISWAL','BROTHER'); 
INSERT INTO SPONSOR VALUES ('KYadavSecure','LAL YADAV','FATHER'); 
INSERT INTO SPONSOR VALUES ('LChenSecure','YU CHEN','FATHER'); 
INSERT INTO SPONSOR VALUES ('AMohamedSecure','ABU MOHAMED','BROTHER'); 
INSERT INTO SPONSOR VALUES ('TSchmidtSecure','LISA SCHMIDT','MOTHER'); 
INSERT INTO LOAN VALUES ('RsharmaSecure','SBI','6MONTHS'); 
INSERT INTO LOAN VALUES ('ViratKohliSecure','HDFC','6MONTHS'); 
INSERT INTO LOAN VALUES ('KYadavSecure','DCB','1YR'); 
INSERT INTO LOAN VALUES ('LChenSecure','SBI','6MONTHS'); 
INSERT INTO LOAN VALUES ('AMohamedSecure','HDFC','1YR'); 
INSERT INTO LOAN VALUES ('TSchmidtSecure','SBI','6MONTHS'); 
INSERT INTO LOAN VALUES ('YJaiswalSecure','DCB','1YR');